user_id,registered_at,age,gender,height_cm,weight_kg,bmi,activity_level
1,2025-07-03T11:51:06,36,Female,161.2,50.9,19.6,Sedentary
2,2025-07-03T11:51:06,45,Female,159.6,67.2,26.4,Sedentary
3,2025-07-03T11:51:06,34,Female,157.6,67.1,27.0,Light
4,2025-07-03T11:51:06,49,Female,165.2,53.1,19.5,Light
5,2025-07-03T11:51:06,32,Other,173.3,65.4,21.8,Active
6,2025-07-03T11:51:06,19,Male,178.4,85.7,26.9,Moderate
7,2025-07-03T11:51:06,41,Male,187.3,85.5,24.4,Sedentary
8,2025-07-03T11:51:06,34,Male,170.5,84.7,29.1,Moderate
9,2025-07-03T11:51:06,41,Male,176.1,95.8,30.9,Moderate
10,2025-07-03T11:51:06,22,Other,159.7,50.1,19.6,Moderate
11,2025-07-03T11:51:06,31,Other,157.0,55.3,22.4,Light
12,2025-07-03T11:51:06,18,Male,179.8,78.2,24.2,Light
13,2025-07-03T11:51:06,39,Other,159.0,66.2,26.2,Active
14,2025-07-03T11:51:06,48,Other,171.2,71.4,24.4,Moderate
15,2025-07-03T11:51:06,23,Female,160.2,65.7,25.6,Moderate
16,2025-07-03T11:51:06,27,Female,169.8,57.9,20.1,Active
17,2025-07-03T11:51:06,44,Female,158.2,63.6,25.4,Moderate
18,2025-07-03T11:51:06,19,Female,160.5,62.6,24.3,Active
19,2025-07-03T11:51:06,50,Female,167.2,76.1,27.2,Active
20,2025-07-03T11:51:06,37,Male,187.0,71.1,20.3,Sedentary
21,2025-07-03T11:51:06,44,Male,181.3,70.7,21.5,Moderate
22,2025-07-03T11:51:06,45,Female,160.2,73.1,28.5,Moderate
23,2025-07-03T11:51:06,46,Female,158.6,54.5,21.7,Active
24,2025-07-03T11:51:06,62,Female,163.8,71.5,26.6,Light
25,2025-07-03T11:51:06,18,Female,156.5,44.7,18.3,Athlete
26,2025-07-03T11:51:06,39,Other,176.4,78.2,25.1,Moderate
27,2025-07-03T11:51:06,23,Female,166.4,59.2,21.4,Light
28,2025-07-03T11:51:06,28,Other,172.3,83.2,28.0,Sedentary
29,2025-07-03T11:51:06,61,Other,173.0,78.1,26.1,Athlete
30,2025-07-03T11:51:06,48,Other,159.3,63.0,24.8,Sedentary
31,2025-07-03T11:51:06,18,Male,170.0,76.1,26.3,Athlete
32,2025-07-03T11:51:06,67,Male,174.7,86.4,28.3,Sedentary
33,2025-07-03T11:51:06,53,Female,158.9,69.2,27.4,Light
34,2025-07-03T11:51:06,23,Other,163.9,61.8,23.0,Active
35,2025-07-03T11:51:06,35,Male,174.2,67.1,22.1,Moderate
36,2025-07-03T11:51:06,61,Male,179.5,70.3,21.8,Light
37,2025-07-03T11:51:06,63,Other,167.1,81.9,29.3,Moderate
38,2025-07-03T11:51:06,42,Female,163.9,48.2,17.9,Moderate
39,2025-07-03T11:51:06,25,Male,181.5,71.7,21.8,Sedentary
40,2025-07-03T11:51:06,24,Female,163.5,76.9,28.8,Light
41,2025-07-03T11:51:06,66,Other,167.3,82.4,29.4,Moderate
42,2025-07-03T11:51:06,35,Male,186.0,79.2,22.9,Light
43,2025-07-03T11:51:06,52,Female,157.7,65.4,26.3,Moderate
44,2025-07-03T11:51:06,55,Male,168.2,87.1,30.8,Light
45,2025-07-03T11:51:06,36,Other,163.6,86.9,32.5,Active
46,2025-07-03T11:51:06,36,Male,176.4,78.6,25.3,Moderate
47,2025-07-03T11:51:06,24,Female,161.9,57.2,21.8,Sedentary
48,2025-07-03T11:51:06,18,Other,178.9,65.4,20.4,Moderate
49,2025-07-03T11:51:06,63,Female,154.7,63.4,26.5,Light
50,2025-07-03T11:51:06,40,Male,174.9,60.9,19.9,Sedentary
51,2025-07-03T11:51:06,44,Female,170.8,60.5,20.7,Sedentary
52,2025-07-03T11:51:06,30,Male,184.0,88.8,26.2,Light
53,2025-07-03T11:51:06,54,Male,190.4,83.3,23.0,Sedentary
54,2025-07-03T11:51:06,32,Male,174.4,57.5,18.9,Moderate
55,2025-07-03T11:51:06,26,Female,162.6,58.1,22.0,Sedentary
56,2025-07-03T11:51:06,65,Female,155.5,59.8,24.7,Light
57,2025-07-03T11:51:06,61,Other,168.3,77.3,27.3,Sedentary
58,2025-07-03T11:51:06,56,Male,182.4,92.1,27.7,Light
59,2025-07-03T11:51:06,29,Other,176.3,73.2,23.6,Light
60,2025-07-03T11:51:06,49,Female,156.6,64.6,26.3,Moderate
61,2025-07-03T11:51:06,67,Male,167.2,72.3,25.9,Light
62,2025-07-03T11:51:06,34,Male,177.3,75.3,24.0,Light
63,2025-07-03T11:51:06,43,Female,163.9,64.2,23.9,Athlete
64,2025-07-03T11:51:06,68,Other,166.7,70.0,25.2,Sedentary
65,2025-07-03T11:51:06,54,Female,166.4,64.0,23.1,Light
66,2025-07-03T11:51:06,46,Male,185.0,68.5,20.0,Moderate
67,2025-07-03T11:51:06,22,Male,168.9,85.3,29.9,Moderate
68,2025-07-03T11:51:06,31,Other,165.8,66.0,24.0,Light
69,2025-07-03T11:51:06,45,Other,165.6,69.3,25.3,Light
70,2025-07-03T11:51:06,46,Male,176.4,84.4,27.1,Light
71,2025-07-03T11:51:06,19,Other,166.3,69.2,25.0,Active
72,2025-07-03T11:51:06,31,Other,170.8,76.0,26.1,Moderate
73,2025-07-03T11:51:06,26,Other,166.0,65.1,23.6,Moderate
74,2025-07-03T11:51:06,66,Other,165.9,73.1,26.6,Moderate
75,2025-07-03T11:51:06,24,Other,167.6,61.8,22.0,Active
76,2025-07-03T11:51:06,66,Female,169.0,76.4,26.7,Light
77,2025-07-03T11:51:06,62,Female,154.4,66.6,27.9,Active
78,2025-07-03T11:51:06,63,Female,166.5,51.6,18.6,Active
79,2025-07-03T11:51:06,25,Male,172.5,75.1,25.2,Light
80,2025-07-03T11:51:06,28,Female,163.5,63.6,23.8,Light
81,2025-07-03T11:51:06,40,Male,170.4,95.5,32.9,Light
82,2025-07-03T11:51:06,34,Male,172.5,83.6,28.1,Moderate
83,2025-07-03T11:51:06,49,Other,176.7,68.6,22.0,Sedentary
84,2025-07-03T11:51:06,33,Male,177.9,77.8,24.6,Light
85,2025-07-03T11:51:06,37,Female,171.7,68.5,23.2,Moderate
86,2025-07-03T11:51:06,23,Male,171.8,79.6,27.0,Sedentary
87,2025-07-03T11:51:06,57,Other,158.2,59.1,23.6,Light
88,2025-07-03T11:51:06,49,Male,181.5,71.4,21.7,Athlete
89,2025-07-03T11:51:06,45,Male,176.3,90.4,29.1,Sedentary
90,2025-07-03T11:51:06,36,Female,170.6,46.7,16.0,Moderate
91,2025-07-03T11:51:06,65,Other,168.8,84.5,29.7,Sedentary
92,2025-07-03T11:51:06,58,Male,165.7,48.8,17.8,Active
93,2025-07-03T11:51:06,60,Male,160.4,76.5,29.7,Moderate
94,2025-07-03T11:51:06,35,Female,166.3,61.6,22.3,Moderate
95,2025-07-03T11:51:06,56,Other,173.0,70.6,23.6,Light
96,2025-07-03T11:51:06,56,Other,163.3,80.5,30.2,Moderate
97,2025-07-03T11:51:06,38,Other,169.2,72.0,25.1,Light
98,2025-07-03T11:51:06,36,Female,173.2,57.9,19.3,Sedentary
99,2025-07-03T11:51:06,26,Female,174.3,54.7,18.0,Light
100,2025-07-03T11:51:06,52,Other,165.1,65.5,24.0,Sedentary
